Exercise ID,Title (RU),Instructions (RU),Tips (RU),Equipment (RU),Calories (RU),Category (RU),Difficulty (RU),Duration (RU)
1,"Интервальный бег","Начните с 5-минутной разминки легким бегом | Выполните 30 секунд быстрого бега (80-90% от максимальной скорости) | Перейдите на 30 секунд медленного бега для восстановления | Повторите цикл 20-25 раз | Завершите 5-минутной заминкой","Следите за дыханием - дышите глубоко и ритмично | Не превышайте 90% от максимальной скорости | При усталости можно увеличить время восстановления | Выполняйте 2-3 раза в неделю","Беговая дорожка или стадион","250-350 ккал за тренировку","Выносливость","Средний","10-15 мин"
10,"Статическая растяжка мышц ног","Растяжка квадрицепсов: встаньте на одну ногу, согните другую назад | Растяжка икр: сделайте выпад вперед, держа заднюю ногу прямой | Растяжка приводящих мышц: сядьте, разведите ноги в стороны | Удерживайте каждую позицию 30 секунд | Дышите глубоко и расслабляйте мышцы","Не растягивайтесь до боли | Дышите глубоко и медленно | Расслабляйте мышцы во время растяжки | Выполняйте после тренировки","Коврик для упражнений","80-100 ккал за растяжку","Растяжка","Начинающий","10-15 мин"
11,"Растяжка спины и плеч","Встаньте прямо, ноги на ширине плеч | Поднимите правую руку вверх и наклонитесь влево | Задержитесь на 15-20 секунд | Повторите для левой стороны | Выполните 3-5 повторений для каждой стороны","Дышите глубоко во время растяжки | Не делайте резких движений | Чувствуйте растяжение, но не боль | Выполняйте ежедневно для лучшего результата","Не требуется","100-200 ккал","Ловкость","Средний","10-15 мин"
12,"Йога для хоккеистов","Начните в позе горы (тадасана) | Перейдите в позу воина III | Выполните позу дерева | Завершите позой ребенка | Повторите последовательность 3-5 раз","Сосредоточьтесь на дыхании | Двигайтесь медленно и плавно | Не форсируйте позы | Используйте коврик для йоги","Не требуется","100-200 ккал","Ловкость","Средний","10-15 мин"
13,"Лестница координации","Поставьте лестницу координации на пол | Начните с простого шага в каждую ячейку | Постепенно увеличивайте скорость | Добавьте боковые движения | Выполните 3-5 подходов по 2-3 минуты","Начинайте медленно, затем ускоряйтесь | Следите за правильной техникой | Отдыхайте между подходами | Используйте разные варианты движений","Не требуется","100-200 ккал","Сила","Средний","10-15 мин"
14,"Жонглирование мячами","Начните с одного мяча | Подбрасывайте мяч одной рукой | Когда освоитесь, добавьте второй мяч | Попробуйте жонглировать двумя мячами | Постепенно добавляйте третий мяч","Начинайте с мягких мячей | Практикуйтесь регулярно | Не расстраивайтесь из-за ошибок | Сосредоточьтесь на ритме","Не требуется","100-200 ккал","Сила","Средний","10-15 мин"
15,"Быстрые касания конусов","Расставьте конусы на расстоянии 1-2 метра | Быстро касайтесь каждого конуса рукой | Меняйте направление движения | Увеличивайте скорость постепенно | Выполните 3-5 подходов по 30 секунд","Следите за правильной техникой | Не торопитесь в начале | Отдыхайте между подходами | Используйте разные паттерны движения","Не требуется","100-200 ккал","Сила","Средний","10-15 мин"
16,"Гребля на тренажере","Сядьте на тренажер для гребли | Зафиксируйте ноги на подставках | Возьмите рукоятку широким хватом | Начните движение, отталкиваясь ногами | Подтяните рукоятку к груди | Вернитесь в исходное положение | Выполните 3-4 подхода по 5-10 минут","Следите за правильной техникой | Не округляйте спину | Дышите ритмично | Начинайте с легкого веса","Не требуется","100-200 ккал","Баланс","Продвинутый","10-15 мин"
17,"Скакалка с интервалами","Возьмите скакалку подходящей длины | 30 секунд быстрых прыжков на максимальной скорости | 30 секунд медленных прыжков для восстановления | Повторите цикл 20 раз | Завершите 2-минутной заминкой","Держите спину прямой | Работайте запястьями, а не руками | Приземляйтесь на носки | Начинайте с медленного темпа","Скакалка","200-300 ккал за тренировку","Баланс","Продвинутый","10-15 мин"
18,"Бег по лестнице","Найдите лестницу с 20-30 ступенями | Бегите вверх с максимальной скоростью | Спускайтесь шагом для восстановления | Выполните 10-15 подъемов | Отдыхайте 1-2 минуты между подъемами","Используйте всю стопу при подъеме | Держите спину прямой | Работайте руками активно | Не превышайте свои возможности","Лестница","250-350 ккал за тренировку","Скоростная выносливость","Средний","10-15 мин"
19,"Планка с движениями","Примите положение планки на предплечьях | Поднимите правую руку и коснитесь левого плеча | Верните руку в исходное положение | Повторите левой рукой | Добавьте подъемы ног | Выполните 3-4 подхода по 30-60 секунд","Держите тело прямым | Не раскачивайтесь из стороны в сторону | Дышите ровно | Начинайте с простых движений","Не требуется","100-200 ккал","Скоростная выносливость","Средний","10-15 мин"
2,"Берпи с прыжком","Встаньте прямо, ноги на ширине плеч | Присядьте, поставив ладони на пол перед собой | Оттолкнитесь ногами назад, принимая положение планки | Выполните одно отжимание | Подтяните ноги обратно к рукам, оставаясь в приседе | Выпрыгните вверх, поднимая руки над головой | Приземлитесь мягко и повторите","Держите спину прямой на всех этапах | Приземляйтесь на полусогнутые ноги | Начинайте с 5-8 повторений и постепенно увеличивайте | Отдыхайте 60-90 секунд между подходами","Коврик для упражнений (опционально)","200-300 ккал за тренировку","Выносливость","Продвинутый","10-15 мин"
20,"Бег с высоким подниманием колен","Встаньте прямо, ноги на ширине плеч | Начните бег на месте | Поднимайте колени как можно выше | Работайте руками активно | Увеличивайте скорость постепенно | Выполните 3-4 подхода по 30-60 секунд","Приземляйтесь на носки | Держите спину прямой | Работайте руками энергично | Не торопитесь в начале","Не требуется","100-200 ккал","Скоростная выносливость","Средний","10-15 мин"
21,"Прыжки в длину с места","Встаньте прямо, ноги на ширине плеч | Согните ноги в коленях | Оттолкнитесь обеими ногами одновременно | Прыгните как можно дальше вперед | Приземлитесь на обе ноги | Выполните 3-4 подхода по 5-10 прыжков","Приземляйтесь мягко | Сгибайте ноги при приземлении | Работайте руками для баланса | Не торопитесь между прыжками","Не требуется","100-200 ккал","Восстановление","Продвинутый","10-15 мин"
22,"Быстрые отжимания","Примите упор лежа | Руки на ширине плеч | Опуститесь до касания грудью пола | Быстро отожмитесь вверх | Повторите 15-20 раз | Отдыхайте 1-2 минуты между подходами","Держите тело прямым | Не прогибайтесь в пояснице | Дышите равномерно | Начинайте с меньшего количества повторений","Не требуется","100-200 ккал","Восстановление","Продвинутый","10-15 мин"
23,"Прыжки через препятствия","Поставьте конусы на расстоянии 1-2 метра | Прыгайте через препятствия | Приземляйтесь на обе ноги | Повторите 3 прохода","Приземляйтесь мягко | Держите колени слегка согнутыми | Не торопитесь | Следите за техникой","Конусы или барьеры","80-120 ккал","Выносливость","Начинающий","10-15 мин"
24,"Быстрые приседания","Встаньте прямо | Ноги на ширине плеч | Приседайте до параллели с полом | Быстро вставайте | Повторите 20-25 раз","Держите спину прямой | Не отрывайте пятки | Дышите равномерно | Начинайте медленно","Не требуется","120-180 ккал","Выносливость","Начинающий","10-15 мин"
25,"Броски набивного мяча","Возьмите мяч 5-8 кг | Встаньте прямо | Поднимите мяч к груди | Бросьте с максимальной силой | Поймайте отскок | Повторите 15 раз","Используйте все тело | Не только руки | Держите спину прямой | Начинайте с легкого мяча","Мяч 5-8 кг","150-200 ккал","Выносливость","Начинающий","10-15 мин"
26,"Разминка голеностопа","Сядьте на пол, вытянув ноги | Вращайте стопами по часовой стрелке | Затем против часовой стрелки | Сгибайте и разгибайте стопы | Выполните круговые движения пальцами | Повторите для каждой ноги по 2-3 минуты","Двигайтесь медленно и плавно | Не делайте резких движений | Дышите ровно | Сосредоточьтесь на ощущениях","Не требуется","100-200 ккал","Выносливость","Начинающий","10-15 мин"
27,"Разминка шеи","","","Не требуется","100-200 ккал","Выносливость","Начинающий","10-15 мин"
28,"Разминка запястий","","","Не требуется","100-200 ккал","Выносливость","Начинающий","10-15 мин"
29,"Разминка коленей","","","Не требуется","100-200 ккал","Выносливость","Начинающий","10-15 мин"
3,"Велосипед","5 минут разминки на низкой интенсивности | 2 минуты высокой интенсивности (80-85% от максимума) | 1 минута восстановления на низкой интенсивности | Повторите интервалы 10 раз | 5 минут заминки на низкой интенсивности","Поддерживайте высокий темп педалирования (80-100 об/мин) | Следите за положением тела - спина прямая | Регулируйте сопротивление для изменения интенсивности | Пейте воду во время тренировки","Велосипед или велотренажер","300-400 ккал за тренировку","Выносливость","Средний","10-15 мин"
30,"Разминка тазобедренных суставов","","","Не требуется","100-200 ккал","Выносливость","Начинающий","10-15 мин"
31,"Растяжка паха","","","Не требуется","100-200 ккал","Сила","Начинающий","10-15 мин"
32,"Растяжка подколенных сухожилий","","","Не требуется","100-200 ккал","Сила","Начинающий","10-15 мин"
33,"Растяжка икроножных мышц","","","Не требуется","100-200 ккал","Сила","Начинающий","10-15 мин"
34,"Растяжка грудных мышц","","","Не требуется","100-200 ккал","Сила","Начинающий","10-15 мин"
35,"Растяжка трицепсов","","","Не требуется","100-200 ккал","Сила","Начинающий","10-15 мин"
36,"Змейка между конусами","","","Не требуется","100-200 ккал","Сила","Средний","10-15 мин"
37,"Быстрые касания ногами","","","Не требуется","100-200 ккал","Сила","Средний","10-15 мин"
38,"Прыжки с поворотами","","","Не требуется","100-200 ккал","Сила","Средний","10-15 мин"
39,"Быстрые передачи мяча","","","Не требуется","100-200 ккал","Сила","Средний","10-15 мин"
4,"Плиометрические прыжки","Встаньте прямо, ноги на ширине плеч | Присядьте на 1/4, согнув колени | Взрывно выпрыгните вверх, вытягивая руки | Приземлитесь на полусогнутые ноги | Сразу же выполняйте следующий прыжок | Выполните 15-20 прыжков подряд","Приземляйтесь мягко, сгибая колени | Держите корпус прямо | Не делайте паузы между прыжками | Отдыхайте 2-3 минуты между подходами","Коврик для упражнений (опционально)","150-200 ккал за тренировку","Взрывная скорость","Средний","10-15 мин"
40,"Бег спиной вперед","","","Не требуется","100-200 ккал","Сила","Средний","10-15 мин"
41,"Приседания с весом","","","Не требуется","100-200 ккал","Ловкость","Средний","10-15 мин"
42,"Становая тяга","","","Не требуется","100-200 ккал","Ловкость","Средний","10-15 мин"
43,"Жим лежа","","","Не требуется","100-200 ккал","Ловкость","Средний","10-15 мин"
44,"Подтягивания","","","Не требуется","100-200 ккал","Ловкость","Средний","10-15 мин"
45,"Отжимания на брусьях","","","Не требуется","100-200 ккал","Ловкость","Средний","10-15 мин"
46,"Стойка на одной ноге","","","Не требуется","100-200 ккал","Ловкость","Средний","10-15 мин"
47,"Планка на одной ноге","","","Не требуется","100-200 ккал","Ловкость","Средний","10-15 мин"
48,"Приседания на одной ноге","","","Не требуется","100-200 ккал","Ловкость","Средний","10-15 мин"
49,"Босу-мяч упражнения","","","Не требуется","100-200 ккал","Ловкость","Средний","10-15 мин"
5,"Спринты на короткие дистанции","Разметьте дистанцию 20-30 метров | Примите положение старта (полуприсед) | По сигналу бегите на максимальной скорости | Пересеките финишную линию | Медленно вернитесь к старту | Отдохните 30 секунд и повторите","Фокусируйтесь на технике бега | Держите корпус прямо | Работайте руками активно | Не сокращайте время отдыха","Открытое пространство или беговая дорожка","200-250 ккал за тренировку","Взрывная скорость","Средний","10-15 мин"
50,"Йога-баланс","","","Не требуется","100-200 ккал","Ловкость","Средний","10-15 мин"
51,"Ходьба по бревну","","","Не требуется","100-200 ккал","Баланс","Средний","10-15 мин"
52,"Стойка на руках у стены","","","Не требуется","100-200 ккал","Баланс","Средний","10-15 мин"
53,"Фартлек","","","Не требуется","100-200 ккал","Баланс","Средний","10-15 мин"
54,"Повторные спринты","","","Не требуется","100-200 ккал","Баланс","Средний","10-15 мин"
55,"Интервалы на велосипеде","","","Не требуется","100-200 ккал","Баланс","Средний","10-15 мин"
56,"Бег по холмам","","","Не требуется","100-200 ккал","Баланс","Продвинутый","10-15 мин"
57,"Плиометрические круги","","","Не требуется","100-200 ккал","Баланс","Продвинутый","10-15 мин"
58,"Легкая растяжка","","","Не требуется","100-200 ккал","Баланс","Продвинутый","10-15 мин"
59,"Фоам-роллинг","","","Не требуется","100-200 ккал","Баланс","Продвинутый","10-15 мин"
6,"Броски мяча в стену","Встаньте в 1-2 метрах от стены | Держите мяч двумя руками на уровне груди | Присядьте, сгибая колени | Взрывно выпрямите ноги и руки, бросая мяч | Поймайте отскочивший мяч | Сразу же выполняйте следующий бросок","Используйте мяч весом 2-4 кг | Бросайте с максимальной силой | Держите спину прямой | Работайте всем телом, а не только руками","Медицинский мяч 2-4 кг, стена","120-180 ккал за тренировку","Разминка","Начинающий","10-15 мин"
60,"Легкий бег","","","Не требуется","100-200 ккал","Баланс","Продвинутый","10-15 мин"
61,"Плавание","","","Не требуется","100-200 ккал","Восстановление","Продвинутый","10-15 мин"
62,"Велосипед восстановления","","","Не требуется","100-200 ккал","Восстановление","Продвинутый","10-15 мин"
63,"Йога восстановления","","","Не требуется","100-200 ккал","Восстановление","Продвинутый","10-15 мин"
64,"Растяжка с резинкой","Выберите подходящую резинку | Выполняйте медленные движения | Удерживайте растяжку 20-30 секунд | Повторите каждое упражнение 3-5 раз","Начинайте с легкой резинки | Не допускайте боли | Дышите равномерно | Постепенно увеличивайте сопротивление","Резиновая лента","35-55 ккал","Восстановление","Продвинутый","10-15 мин"
65,"Контрастный душ","","","Не требуется","100-200 ккал","Восстановление","Продвинутый","10-15 мин"
7,"Динамическая растяжка ног","Встаньте прямо, держась за опору | Выполните 10-15 махов вперед правой ногой | Выполните 10-15 махов назад правой ногой | Выполните 10-15 махов в сторону правой ногой | Повторите для левой ноги | Выполните круговые движения в тазобедренных суставах","Держите спину прямо | Не раскачивайтесь слишком сильно | Выполняйте движения плавно | Дышите глубоко и ритмично","Стена или стул для опоры","50-80 ккал за разминку","Разминка","Начинающий","10-15 мин"
8,"Разминка верхней части тела","Встаньте прямо, ноги на ширине плеч | Выполните 10 круговых движений руками вперед | Выполните 10 круговых движений руками назад | Выполните 10 наклонов туловища в стороны | Выполните 10 поворотов туловища | Выполните круговые движения плечами","Двигайтесь медленно и плавно | Не делайте резких движений | Следите за дыханием | Постепенно увеличивайте амплитуду движений","Не требуется","40-60 ккал за разминку","Разминка","Начинающий","10-15 мин"
9,"Легкий бег на месте","Встаньте прямо, ноги на ширине плеч | Начните с легкого бега на месте | Постепенно поднимайте колени выше | Работайте руками, как при обычном беге | Увеличивайте темп в течение 2-3 минут | Замедляйтесь в последние 2 минуты","Держите спину прямо | Приземляйтесь на носки | Дышите глубоко | Не делайте слишком высокие прыжки","Не требуется","60-80 ккал за разминку","Растяжка","Начинающий","10-15 мин"