Exercise ID,Title (RU),Instructions (RU),Tips (RU),Equipment (RU),Calories (RU),Category (RU),Difficulty (RU),Duration (RU),Instructions (EN),Tips (EN),Equipment (EN),Calories (EN),Category (EN),Difficulty (EN),Duration (EN)
1,"Интервальный бег","Начните с 5-минутной разминки легким бегом | Выполните 30 секунд быстрого бега (80-90% от максимальной скорости) | Перейдите на 30 секунд медленного бега для восстановления | Повторите цикл 20-25 раз | Завершите 5-минутной заминкой","Следите за дыханием - дышите глубоко и ритмично | Не превышайте 90% от максимальной скорости | При усталости можно увеличить время восстановления | Выполняйте 2-3 раза в неделю","Беговая дорожка или стадион","250-350 ккал за тренировку","Выносливость","Средний","10-15 мин","=GOOGLETRANSLATE(D2,"ru","en")","=GOOGLETRANSLATE(E2,"ru","en")","=GOOGLETRANSLATE(F2,"ru","en")","=GOOGLETRANSLATE(G2,"ru","en")","=GOOGLETRANSLATE(H2,"ru","en")","=GOOGLETRANSLATE(I2,"ru","en")","=GOOGLETRANSLATE(J2,"ru","en")"
10,"Статическая растяжка мышц ног","Растяжка квадрицепсов: встаньте на одну ногу, согните другую назад | Растяжка икр: сделайте выпад вперед, держа заднюю ногу прямой | Растяжка приводящих мышц: сядьте, разведите ноги в стороны | Удерживайте каждую позицию 30 секунд | Дышите глубоко и расслабляйте мышцы","Не растягивайтесь до боли | Дышите глубоко и медленно | Расслабляйте мышцы во время растяжки | Выполняйте после тренировки","Коврик для упражнений","80-100 ккал за растяжку","Растяжка","Начинающий","10-15 мин","=GOOGLETRANSLATE(D3,"ru","en")","=GOOGLETRANSLATE(E3,"ru","en")","=GOOGLETRANSLATE(F3,"ru","en")","=GOOGLETRANSLATE(G3,"ru","en")","=GOOGLETRANSLATE(H3,"ru","en")","=GOOGLETRANSLATE(I3,"ru","en")","=GOOGLETRANSLATE(J3,"ru","en")"
11,"Растяжка спины и плеч","Встаньте прямо, ноги на ширине плеч | Поднимите правую руку вверх и наклонитесь влево | Задержитесь на 15-20 секунд | Повторите для левой стороны | Выполните 3-5 повторений для каждой стороны","Дышите глубоко во время растяжки | Не делайте резких движений | Чувствуйте растяжение, но не боль | Выполняйте ежедневно для лучшего результата","Не требуется","100-200 ккал","Ловкость","Средний","10-15 мин","=GOOGLETRANSLATE(D4,"ru","en")","=GOOGLETRANSLATE(E4,"ru","en")","=GOOGLETRANSLATE(F4,"ru","en")","=GOOGLETRANSLATE(G4,"ru","en")","=GOOGLETRANSLATE(H4,"ru","en")","=GOOGLETRANSLATE(I4,"ru","en")","=GOOGLETRANSLATE(J4,"ru","en")"
12,"Йога для хоккеистов","Начните в позе горы (тадасана) | Перейдите в позу воина III | Выполните позу дерева | Завершите позой ребенка | Повторите последовательность 3-5 раз","Сосредоточьтесь на дыхании | Двигайтесь медленно и плавно | Не форсируйте позы | Используйте коврик для йоги","Не требуется","100-200 ккал","Ловкость","Средний","10-15 мин","=GOOGLETRANSLATE(D5,"ru","en")","=GOOGLETRANSLATE(E5,"ru","en")","=GOOGLETRANSLATE(F5,"ru","en")","=GOOGLETRANSLATE(G5,"ru","en")","=GOOGLETRANSLATE(H5,"ru","en")","=GOOGLETRANSLATE(I5,"ru","en")","=GOOGLETRANSLATE(J5,"ru","en")"
13,"Лестница координации","Поставьте лестницу координации на пол | Начните с простого шага в каждую ячейку | Постепенно увеличивайте скорость | Добавьте боковые движения | Выполните 3-5 подходов по 2-3 минуты","Начинайте медленно, затем ускоряйтесь | Следите за правильной техникой | Отдыхайте между подходами | Используйте разные варианты движений","Не требуется","100-200 ккал","Сила","Средний","10-15 мин","=GOOGLETRANSLATE(D6,"ru","en")","=GOOGLETRANSLATE(E6,"ru","en")","=GOOGLETRANSLATE(F6,"ru","en")","=GOOGLETRANSLATE(G6,"ru","en")","=GOOGLETRANSLATE(H6,"ru","en")","=GOOGLETRANSLATE(I6,"ru","en")","=GOOGLETRANSLATE(J6,"ru","en")"
14,"Жонглирование мячами","Начните с одного мяча | Подбрасывайте мяч одной рукой | Когда освоитесь, добавьте второй мяч | Попробуйте жонглировать двумя мячами | Постепенно добавляйте третий мяч","Начинайте с мягких мячей | Практикуйтесь регулярно | Не расстраивайтесь из-за ошибок | Сосредоточьтесь на ритме","Не требуется","100-200 ккал","Сила","Средний","10-15 мин","=GOOGLETRANSLATE(D7,"ru","en")","=GOOGLETRANSLATE(E7,"ru","en")","=GOOGLETRANSLATE(F7,"ru","en")","=GOOGLETRANSLATE(G7,"ru","en")","=GOOGLETRANSLATE(H7,"ru","en")","=GOOGLETRANSLATE(I7,"ru","en")","=GOOGLETRANSLATE(J7,"ru","en")"
15,"Быстрые касания конусов","Расставьте конусы на расстоянии 1-2 метра | Быстро касайтесь каждого конуса рукой | Меняйте направление движения | Увеличивайте скорость постепенно | Выполните 3-5 подходов по 30 секунд","Следите за правильной техникой | Не торопитесь в начале | Отдыхайте между подходами | Используйте разные паттерны движения","Не требуется","100-200 ккал","Сила","Средний","10-15 мин","=GOOGLETRANSLATE(D8,"ru","en")","=GOOGLETRANSLATE(E8,"ru","en")","=GOOGLETRANSLATE(F8,"ru","en")","=GOOGLETRANSLATE(G8,"ru","en")","=GOOGLETRANSLATE(H8,"ru","en")","=GOOGLETRANSLATE(I8,"ru","en")","=GOOGLETRANSLATE(J8,"ru","en")"
16,"Гребля на тренажере","Сядьте на тренажер для гребли | Зафиксируйте ноги на подставках | Возьмите рукоятку широким хватом | Начните движение, отталкиваясь ногами | Подтяните рукоятку к груди | Вернитесь в исходное положение | Выполните 3-4 подхода по 5-10 минут","Следите за правильной техникой | Не округляйте спину | Дышите ритмично | Начинайте с легкого веса","Не требуется","100-200 ккал","Баланс","Продвинутый","10-15 мин","=GOOGLETRANSLATE(D9,"ru","en")","=GOOGLETRANSLATE(E9,"ru","en")","=GOOGLETRANSLATE(F9,"ru","en")","=GOOGLETRANSLATE(G9,"ru","en")","=GOOGLETRANSLATE(H9,"ru","en")","=GOOGLETRANSLATE(I9,"ru","en")","=GOOGLETRANSLATE(J9,"ru","en")"
17,"Скакалка с интервалами","Возьмите скакалку подходящей длины | 30 секунд быстрых прыжков на максимальной скорости | 30 секунд медленных прыжков для восстановления | Повторите цикл 20 раз | Завершите 2-минутной заминкой","Держите спину прямой | Работайте запястьями, а не руками | Приземляйтесь на носки | Начинайте с медленного темпа","Скакалка","200-300 ккал за тренировку","Баланс","Продвинутый","10-15 мин","=GOOGLETRANSLATE(D10,"ru","en")","=GOOGLETRANSLATE(E10,"ru","en")","=GOOGLETRANSLATE(F10,"ru","en")","=GOOGLETRANSLATE(G10,"ru","en")","=GOOGLETRANSLATE(H10,"ru","en")","=GOOGLETRANSLATE(I10,"ru","en")","=GOOGLETRANSLATE(J10,"ru","en")"
18,"Бег по лестнице","Найдите лестницу с 20-30 ступенями | Бегите вверх с максимальной скоростью | Спускайтесь шагом для восстановления | Выполните 10-15 подъемов | Отдыхайте 1-2 минуты между подъемами","Используйте всю стопу при подъеме | Держите спину прямой | Работайте руками активно | Не превышайте свои возможности","Лестница","250-350 ккал за тренировку","Скоростная выносливость","Средний","10-15 мин","=GOOGLETRANSLATE(D11,"ru","en")","=GOOGLETRANSLATE(E11,"ru","en")","=GOOGLETRANSLATE(F11,"ru","en")","=GOOGLETRANSLATE(G11,"ru","en")","=GOOGLETRANSLATE(H11,"ru","en")","=GOOGLETRANSLATE(I11,"ru","en")","=GOOGLETRANSLATE(J11,"ru","en")"
19,"Планка с движениями","Примите положение планки на предплечьях | Поднимите правую руку и коснитесь левого плеча | Верните руку в исходное положение | Повторите левой рукой | Добавьте подъемы ног | Выполните 3-4 подхода по 30-60 секунд","Держите тело прямым | Не раскачивайтесь из стороны в сторону | Дышите ровно | Начинайте с простых движений","Не требуется","100-200 ккал","Скоростная выносливость","Средний","10-15 мин","=GOOGLETRANSLATE(D12,"ru","en")","=GOOGLETRANSLATE(E12,"ru","en")","=GOOGLETRANSLATE(F12,"ru","en")","=GOOGLETRANSLATE(G12,"ru","en")","=GOOGLETRANSLATE(H12,"ru","en")","=GOOGLETRANSLATE(I12,"ru","en")","=GOOGLETRANSLATE(J12,"ru","en")"
2,"Берпи с прыжком","Встаньте прямо, ноги на ширине плеч | Присядьте, поставив ладони на пол перед собой | Оттолкнитесь ногами назад, принимая положение планки | Выполните одно отжимание | Подтяните ноги обратно к рукам, оставаясь в приседе | Выпрыгните вверх, поднимая руки над головой | Приземлитесь мягко и повторите","Держите спину прямой на всех этапах | Приземляйтесь на полусогнутые ноги | Начинайте с 5-8 повторений и постепенно увеличивайте | Отдыхайте 60-90 секунд между подходами","Коврик для упражнений (опционально)","200-300 ккал за тренировку","Выносливость","Продвинутый","10-15 мин","=GOOGLETRANSLATE(D13,"ru","en")","=GOOGLETRANSLATE(E13,"ru","en")","=GOOGLETRANSLATE(F13,"ru","en")","=GOOGLETRANSLATE(G13,"ru","en")","=GOOGLETRANSLATE(H13,"ru","en")","=GOOGLETRANSLATE(I13,"ru","en")","=GOOGLETRANSLATE(J13,"ru","en")"
20,"Бег с высоким подниманием колен","Встаньте прямо, ноги на ширине плеч | Начните бег на месте | Поднимайте колени как можно выше | Работайте руками активно | Увеличивайте скорость постепенно | Выполните 3-4 подхода по 30-60 секунд","Приземляйтесь на носки | Держите спину прямой | Работайте руками энергично | Не торопитесь в начале","Не требуется","100-200 ккал","Скоростная выносливость","Средний","10-15 мин","=GOOGLETRANSLATE(D14,"ru","en")","=GOOGLETRANSLATE(E14,"ru","en")","=GOOGLETRANSLATE(F14,"ru","en")","=GOOGLETRANSLATE(G14,"ru","en")","=GOOGLETRANSLATE(H14,"ru","en")","=GOOGLETRANSLATE(I14,"ru","en")","=GOOGLETRANSLATE(J14,"ru","en")"
21,"Прыжки в длину с места","Встаньте прямо, ноги на ширине плеч | Согните ноги в коленях | Оттолкнитесь обеими ногами одновременно | Прыгните как можно дальше вперед | Приземлитесь на обе ноги | Выполните 3-4 подхода по 5-10 прыжков","Приземляйтесь мягко | Сгибайте ноги при приземлении | Работайте руками для баланса | Не торопитесь между прыжками","Не требуется","100-200 ккал","Восстановление","Продвинутый","10-15 мин","=GOOGLETRANSLATE(D15,"ru","en")","=GOOGLETRANSLATE(E15,"ru","en")","=GOOGLETRANSLATE(F15,"ru","en")","=GOOGLETRANSLATE(G15,"ru","en")","=GOOGLETRANSLATE(H15,"ru","en")","=GOOGLETRANSLATE(I15,"ru","en")","=GOOGLETRANSLATE(J15,"ru","en")"
22,"Быстрые отжимания","Примите упор лежа | Руки на ширине плеч | Опуститесь до касания грудью пола | Быстро отожмитесь вверх | Повторите 15-20 раз | Отдыхайте 1-2 минуты между подходами","Держите тело прямым | Не прогибайтесь в пояснице | Дышите равномерно | Начинайте с меньшего количества повторений","Не требуется","100-200 ккал","Восстановление","Продвинутый","10-15 мин","=GOOGLETRANSLATE(D16,"ru","en")","=GOOGLETRANSLATE(E16,"ru","en")","=GOOGLETRANSLATE(F16,"ru","en")","=GOOGLETRANSLATE(G16,"ru","en")","=GOOGLETRANSLATE(H16,"ru","en")","=GOOGLETRANSLATE(I16,"ru","en")","=GOOGLETRANSLATE(J16,"ru","en")"
23,"Прыжки через препятствия","Поставьте конусы на расстоянии 1-2 метра | Прыгайте через препятствия | Приземляйтесь на обе ноги | Повторите 3 прохода","Приземляйтесь мягко | Держите колени слегка согнутыми | Не торопитесь | Следите за техникой","Конусы или барьеры","80-120 ккал","Выносливость","Начинающий","10-15 мин","=GOOGLETRANSLATE(D17,"ru","en")","=GOOGLETRANSLATE(E17,"ru","en")","=GOOGLETRANSLATE(F17,"ru","en")","=GOOGLETRANSLATE(G17,"ru","en")","=GOOGLETRANSLATE(H17,"ru","en")","=GOOGLETRANSLATE(I17,"ru","en")","=GOOGLETRANSLATE(J17,"ru","en")"
24,"Быстрые приседания","Встаньте прямо | Ноги на ширине плеч | Приседайте до параллели с полом | Быстро вставайте | Повторите 20-25 раз","Держите спину прямой | Не отрывайте пятки | Дышите равномерно | Начинайте медленно","Не требуется","120-180 ккал","Выносливость","Начинающий","10-15 мин","=GOOGLETRANSLATE(D18,"ru","en")","=GOOGLETRANSLATE(E18,"ru","en")","=GOOGLETRANSLATE(F18,"ru","en")","=GOOGLETRANSLATE(G18,"ru","en")","=GOOGLETRANSLATE(H18,"ru","en")","=GOOGLETRANSLATE(I18,"ru","en")","=GOOGLETRANSLATE(J18,"ru","en")"
25,"Броски набивного мяча","Возьмите мяч 5-8 кг | Встаньте прямо | Поднимите мяч к груди | Бросьте с максимальной силой | Поймайте отскок | Повторите 15 раз","Используйте все тело | Не только руки | Держите спину прямой | Начинайте с легкого мяча","Мяч 5-8 кг","150-200 ккал","Выносливость","Начинающий","10-15 мин","=GOOGLETRANSLATE(D19,"ru","en")","=GOOGLETRANSLATE(E19,"ru","en")","=GOOGLETRANSLATE(F19,"ru","en")","=GOOGLETRANSLATE(G19,"ru","en")","=GOOGLETRANSLATE(H19,"ru","en")","=GOOGLETRANSLATE(I19,"ru","en")","=GOOGLETRANSLATE(J19,"ru","en")"
26,"Разминка голеностопа","Сядьте на пол, вытянув ноги | Вращайте стопами по часовой стрелке | Затем против часовой стрелки | Сгибайте и разгибайте стопы | Выполните круговые движения пальцами | Повторите для каждой ноги по 2-3 минуты","Двигайтесь медленно и плавно | Не делайте резких движений | Дышите ровно | Сосредоточьтесь на ощущениях","Не требуется","100-200 ккал","Выносливость","Начинающий","10-15 мин","=GOOGLETRANSLATE(D20,"ru","en")","=GOOGLETRANSLATE(E20,"ru","en")","=GOOGLETRANSLATE(F20,"ru","en")","=GOOGLETRANSLATE(G20,"ru","en")","=GOOGLETRANSLATE(H20,"ru","en")","=GOOGLETRANSLATE(I20,"ru","en")","=GOOGLETRANSLATE(J20,"ru","en")"
27,"Разминка шеи","","","Не требуется","100-200 ккал","Выносливость","Начинающий","10-15 мин","=GOOGLETRANSLATE(D21,"ru","en")","=GOOGLETRANSLATE(E21,"ru","en")","=GOOGLETRANSLATE(F21,"ru","en")","=GOOGLETRANSLATE(G21,"ru","en")","=GOOGLETRANSLATE(H21,"ru","en")","=GOOGLETRANSLATE(I21,"ru","en")","=GOOGLETRANSLATE(J21,"ru","en")"
28,"Разминка запястий","","","Не требуется","100-200 ккал","Выносливость","Начинающий","10-15 мин","=GOOGLETRANSLATE(D22,"ru","en")","=GOOGLETRANSLATE(E22,"ru","en")","=GOOGLETRANSLATE(F22,"ru","en")","=GOOGLETRANSLATE(G22,"ru","en")","=GOOGLETRANSLATE(H22,"ru","en")","=GOOGLETRANSLATE(I22,"ru","en")","=GOOGLETRANSLATE(J22,"ru","en")"
29,"Разминка коленей","","","Не требуется","100-200 ккал","Выносливость","Начинающий","10-15 мин","=GOOGLETRANSLATE(D23,"ru","en")","=GOOGLETRANSLATE(E23,"ru","en")","=GOOGLETRANSLATE(F23,"ru","en")","=GOOGLETRANSLATE(G23,"ru","en")","=GOOGLETRANSLATE(H23,"ru","en")","=GOOGLETRANSLATE(I23,"ru","en")","=GOOGLETRANSLATE(J23,"ru","en")"
3,"Велосипед","5 минут разминки на низкой интенсивности | 2 минуты высокой интенсивности (80-85% от максимума) | 1 минута восстановления на низкой интенсивности | Повторите интервалы 10 раз | 5 минут заминки на низкой интенсивности","Поддерживайте высокий темп педалирования (80-100 об/мин) | Следите за положением тела - спина прямая | Регулируйте сопротивление для изменения интенсивности | Пейте воду во время тренировки","Велосипед или велотренажер","300-400 ккал за тренировку","Выносливость","Средний","10-15 мин","=GOOGLETRANSLATE(D24,"ru","en")","=GOOGLETRANSLATE(E24,"ru","en")","=GOOGLETRANSLATE(F24,"ru","en")","=GOOGLETRANSLATE(G24,"ru","en")","=GOOGLETRANSLATE(H24,"ru","en")","=GOOGLETRANSLATE(I24,"ru","en")","=GOOGLETRANSLATE(J24,"ru","en")"
30,"Разминка тазобедренных суставов","","","Не требуется","100-200 ккал","Выносливость","Начинающий","10-15 мин","=GOOGLETRANSLATE(D25,"ru","en")","=GOOGLETRANSLATE(E25,"ru","en")","=GOOGLETRANSLATE(F25,"ru","en")","=GOOGLETRANSLATE(G25,"ru","en")","=GOOGLETRANSLATE(H25,"ru","en")","=GOOGLETRANSLATE(I25,"ru","en")","=GOOGLETRANSLATE(J25,"ru","en")"
31,"Растяжка паха","","","Не требуется","100-200 ккал","Сила","Начинающий","10-15 мин","=GOOGLETRANSLATE(D26,"ru","en")","=GOOGLETRANSLATE(E26,"ru","en")","=GOOGLETRANSLATE(F26,"ru","en")","=GOOGLETRANSLATE(G26,"ru","en")","=GOOGLETRANSLATE(H26,"ru","en")","=GOOGLETRANSLATE(I26,"ru","en")","=GOOGLETRANSLATE(J26,"ru","en")"
32,"Растяжка подколенных сухожилий","","","Не требуется","100-200 ккал","Сила","Начинающий","10-15 мин","=GOOGLETRANSLATE(D27,"ru","en")","=GOOGLETRANSLATE(E27,"ru","en")","=GOOGLETRANSLATE(F27,"ru","en")","=GOOGLETRANSLATE(G27,"ru","en")","=GOOGLETRANSLATE(H27,"ru","en")","=GOOGLETRANSLATE(I27,"ru","en")","=GOOGLETRANSLATE(J27,"ru","en")"
33,"Растяжка икроножных мышц","","","Не требуется","100-200 ккал","Сила","Начинающий","10-15 мин","=GOOGLETRANSLATE(D28,"ru","en")","=GOOGLETRANSLATE(E28,"ru","en")","=GOOGLETRANSLATE(F28,"ru","en")","=GOOGLETRANSLATE(G28,"ru","en")","=GOOGLETRANSLATE(H28,"ru","en")","=GOOGLETRANSLATE(I28,"ru","en")","=GOOGLETRANSLATE(J28,"ru","en")"
34,"Растяжка грудных мышц","","","Не требуется","100-200 ккал","Сила","Начинающий","10-15 мин","=GOOGLETRANSLATE(D29,"ru","en")","=GOOGLETRANSLATE(E29,"ru","en")","=GOOGLETRANSLATE(F29,"ru","en")","=GOOGLETRANSLATE(G29,"ru","en")","=GOOGLETRANSLATE(H29,"ru","en")","=GOOGLETRANSLATE(I29,"ru","en")","=GOOGLETRANSLATE(J29,"ru","en")"
35,"Растяжка трицепсов","","","Не требуется","100-200 ккал","Сила","Начинающий","10-15 мин","=GOOGLETRANSLATE(D30,"ru","en")","=GOOGLETRANSLATE(E30,"ru","en")","=GOOGLETRANSLATE(F30,"ru","en")","=GOOGLETRANSLATE(G30,"ru","en")","=GOOGLETRANSLATE(H30,"ru","en")","=GOOGLETRANSLATE(I30,"ru","en")","=GOOGLETRANSLATE(J30,"ru","en")"
36,"Змейка между конусами","","","Не требуется","100-200 ккал","Сила","Средний","10-15 мин","=GOOGLETRANSLATE(D31,"ru","en")","=GOOGLETRANSLATE(E31,"ru","en")","=GOOGLETRANSLATE(F31,"ru","en")","=GOOGLETRANSLATE(G31,"ru","en")","=GOOGLETRANSLATE(H31,"ru","en")","=GOOGLETRANSLATE(I31,"ru","en")","=GOOGLETRANSLATE(J31,"ru","en")"
37,"Быстрые касания ногами","","","Не требуется","100-200 ккал","Сила","Средний","10-15 мин","=GOOGLETRANSLATE(D32,"ru","en")","=GOOGLETRANSLATE(E32,"ru","en")","=GOOGLETRANSLATE(F32,"ru","en")","=GOOGLETRANSLATE(G32,"ru","en")","=GOOGLETRANSLATE(H32,"ru","en")","=GOOGLETRANSLATE(I32,"ru","en")","=GOOGLETRANSLATE(J32,"ru","en")"
38,"Прыжки с поворотами","","","Не требуется","100-200 ккал","Сила","Средний","10-15 мин","=GOOGLETRANSLATE(D33,"ru","en")","=GOOGLETRANSLATE(E33,"ru","en")","=GOOGLETRANSLATE(F33,"ru","en")","=GOOGLETRANSLATE(G33,"ru","en")","=GOOGLETRANSLATE(H33,"ru","en")","=GOOGLETRANSLATE(I33,"ru","en")","=GOOGLETRANSLATE(J33,"ru","en")"
39,"Быстрые передачи мяча","","","Не требуется","100-200 ккал","Сила","Средний","10-15 мин","=GOOGLETRANSLATE(D34,"ru","en")","=GOOGLETRANSLATE(E34,"ru","en")","=GOOGLETRANSLATE(F34,"ru","en")","=GOOGLETRANSLATE(G34,"ru","en")","=GOOGLETRANSLATE(H34,"ru","en")","=GOOGLETRANSLATE(I34,"ru","en")","=GOOGLETRANSLATE(J34,"ru","en")"
4,"Плиометрические прыжки","Встаньте прямо, ноги на ширине плеч | Присядьте на 1/4, согнув колени | Взрывно выпрыгните вверх, вытягивая руки | Приземлитесь на полусогнутые ноги | Сразу же выполняйте следующий прыжок | Выполните 15-20 прыжков подряд","Приземляйтесь мягко, сгибая колени | Держите корпус прямо | Не делайте паузы между прыжками | Отдыхайте 2-3 минуты между подходами","Коврик для упражнений (опционально)","150-200 ккал за тренировку","Взрывная скорость","Средний","10-15 мин","=GOOGLETRANSLATE(D35,"ru","en")","=GOOGLETRANSLATE(E35,"ru","en")","=GOOGLETRANSLATE(F35,"ru","en")","=GOOGLETRANSLATE(G35,"ru","en")","=GOOGLETRANSLATE(H35,"ru","en")","=GOOGLETRANSLATE(I35,"ru","en")","=GOOGLETRANSLATE(J35,"ru","en")"
40,"Бег спиной вперед","","","Не требуется","100-200 ккал","Сила","Средний","10-15 мин","=GOOGLETRANSLATE(D36,"ru","en")","=GOOGLETRANSLATE(E36,"ru","en")","=GOOGLETRANSLATE(F36,"ru","en")","=GOOGLETRANSLATE(G36,"ru","en")","=GOOGLETRANSLATE(H36,"ru","en")","=GOOGLETRANSLATE(I36,"ru","en")","=GOOGLETRANSLATE(J36,"ru","en")"
41,"Приседания с весом","","","Не требуется","100-200 ккал","Ловкость","Средний","10-15 мин","=GOOGLETRANSLATE(D37,"ru","en")","=GOOGLETRANSLATE(E37,"ru","en")","=GOOGLETRANSLATE(F37,"ru","en")","=GOOGLETRANSLATE(G37,"ru","en")","=GOOGLETRANSLATE(H37,"ru","en")","=GOOGLETRANSLATE(I37,"ru","en")","=GOOGLETRANSLATE(J37,"ru","en")"
42,"Становая тяга","","","Не требуется","100-200 ккал","Ловкость","Средний","10-15 мин","=GOOGLETRANSLATE(D38,"ru","en")","=GOOGLETRANSLATE(E38,"ru","en")","=GOOGLETRANSLATE(F38,"ru","en")","=GOOGLETRANSLATE(G38,"ru","en")","=GOOGLETRANSLATE(H38,"ru","en")","=GOOGLETRANSLATE(I38,"ru","en")","=GOOGLETRANSLATE(J38,"ru","en")"
43,"Жим лежа","","","Не требуется","100-200 ккал","Ловкость","Средний","10-15 мин","=GOOGLETRANSLATE(D39,"ru","en")","=GOOGLETRANSLATE(E39,"ru","en")","=GOOGLETRANSLATE(F39,"ru","en")","=GOOGLETRANSLATE(G39,"ru","en")","=GOOGLETRANSLATE(H39,"ru","en")","=GOOGLETRANSLATE(I39,"ru","en")","=GOOGLETRANSLATE(J39,"ru","en")"
44,"Подтягивания","","","Не требуется","100-200 ккал","Ловкость","Средний","10-15 мин","=GOOGLETRANSLATE(D40,"ru","en")","=GOOGLETRANSLATE(E40,"ru","en")","=GOOGLETRANSLATE(F40,"ru","en")","=GOOGLETRANSLATE(G40,"ru","en")","=GOOGLETRANSLATE(H40,"ru","en")","=GOOGLETRANSLATE(I40,"ru","en")","=GOOGLETRANSLATE(J40,"ru","en")"
45,"Отжимания на брусьях","","","Не требуется","100-200 ккал","Ловкость","Средний","10-15 мин","=GOOGLETRANSLATE(D41,"ru","en")","=GOOGLETRANSLATE(E41,"ru","en")","=GOOGLETRANSLATE(F41,"ru","en")","=GOOGLETRANSLATE(G41,"ru","en")","=GOOGLETRANSLATE(H41,"ru","en")","=GOOGLETRANSLATE(I41,"ru","en")","=GOOGLETRANSLATE(J41,"ru","en")"
46,"Стойка на одной ноге","","","Не требуется","100-200 ккал","Ловкость","Средний","10-15 мин","=GOOGLETRANSLATE(D42,"ru","en")","=GOOGLETRANSLATE(E42,"ru","en")","=GOOGLETRANSLATE(F42,"ru","en")","=GOOGLETRANSLATE(G42,"ru","en")","=GOOGLETRANSLATE(H42,"ru","en")","=GOOGLETRANSLATE(I42,"ru","en")","=GOOGLETRANSLATE(J42,"ru","en")"
47,"Планка на одной ноге","","","Не требуется","100-200 ккал","Ловкость","Средний","10-15 мин","=GOOGLETRANSLATE(D43,"ru","en")","=GOOGLETRANSLATE(E43,"ru","en")","=GOOGLETRANSLATE(F43,"ru","en")","=GOOGLETRANSLATE(G43,"ru","en")","=GOOGLETRANSLATE(H43,"ru","en")","=GOOGLETRANSLATE(I43,"ru","en")","=GOOGLETRANSLATE(J43,"ru","en")"
48,"Приседания на одной ноге","","","Не требуется","100-200 ккал","Ловкость","Средний","10-15 мин","=GOOGLETRANSLATE(D44,"ru","en")","=GOOGLETRANSLATE(E44,"ru","en")","=GOOGLETRANSLATE(F44,"ru","en")","=GOOGLETRANSLATE(G44,"ru","en")","=GOOGLETRANSLATE(H44,"ru","en")","=GOOGLETRANSLATE(I44,"ru","en")","=GOOGLETRANSLATE(J44,"ru","en")"
49,"Босу-мяч упражнения","","","Не требуется","100-200 ккал","Ловкость","Средний","10-15 мин","=GOOGLETRANSLATE(D45,"ru","en")","=GOOGLETRANSLATE(E45,"ru","en")","=GOOGLETRANSLATE(F45,"ru","en")","=GOOGLETRANSLATE(G45,"ru","en")","=GOOGLETRANSLATE(H45,"ru","en")","=GOOGLETRANSLATE(I45,"ru","en")","=GOOGLETRANSLATE(J45,"ru","en")"
5,"Спринты на короткие дистанции","Разметьте дистанцию 20-30 метров | Примите положение старта (полуприсед) | По сигналу бегите на максимальной скорости | Пересеките финишную линию | Медленно вернитесь к старту | Отдохните 30 секунд и повторите","Фокусируйтесь на технике бега | Держите корпус прямо | Работайте руками активно | Не сокращайте время отдыха","Открытое пространство или беговая дорожка","200-250 ккал за тренировку","Взрывная скорость","Средний","10-15 мин","=GOOGLETRANSLATE(D46,"ru","en")","=GOOGLETRANSLATE(E46,"ru","en")","=GOOGLETRANSLATE(F46,"ru","en")","=GOOGLETRANSLATE(G46,"ru","en")","=GOOGLETRANSLATE(H46,"ru","en")","=GOOGLETRANSLATE(I46,"ru","en")","=GOOGLETRANSLATE(J46,"ru","en")"
50,"Йога-баланс","","","Не требуется","100-200 ккал","Ловкость","Средний","10-15 мин","=GOOGLETRANSLATE(D47,"ru","en")","=GOOGLETRANSLATE(E47,"ru","en")","=GOOGLETRANSLATE(F47,"ru","en")","=GOOGLETRANSLATE(G47,"ru","en")","=GOOGLETRANSLATE(H47,"ru","en")","=GOOGLETRANSLATE(I47,"ru","en")","=GOOGLETRANSLATE(J47,"ru","en")"
51,"Ходьба по бревну","","","Не требуется","100-200 ккал","Баланс","Средний","10-15 мин","=GOOGLETRANSLATE(D48,"ru","en")","=GOOGLETRANSLATE(E48,"ru","en")","=GOOGLETRANSLATE(F48,"ru","en")","=GOOGLETRANSLATE(G48,"ru","en")","=GOOGLETRANSLATE(H48,"ru","en")","=GOOGLETRANSLATE(I48,"ru","en")","=GOOGLETRANSLATE(J48,"ru","en")"
52,"Стойка на руках у стены","","","Не требуется","100-200 ккал","Баланс","Средний","10-15 мин","=GOOGLETRANSLATE(D49,"ru","en")","=GOOGLETRANSLATE(E49,"ru","en")","=GOOGLETRANSLATE(F49,"ru","en")","=GOOGLETRANSLATE(G49,"ru","en")","=GOOGLETRANSLATE(H49,"ru","en")","=GOOGLETRANSLATE(I49,"ru","en")","=GOOGLETRANSLATE(J49,"ru","en")"
53,"Фартлек","","","Не требуется","100-200 ккал","Баланс","Средний","10-15 мин","=GOOGLETRANSLATE(D50,"ru","en")","=GOOGLETRANSLATE(E50,"ru","en")","=GOOGLETRANSLATE(F50,"ru","en")","=GOOGLETRANSLATE(G50,"ru","en")","=GOOGLETRANSLATE(H50,"ru","en")","=GOOGLETRANSLATE(I50,"ru","en")","=GOOGLETRANSLATE(J50,"ru","en")"
54,"Повторные спринты","","","Не требуется","100-200 ккал","Баланс","Средний","10-15 мин","=GOOGLETRANSLATE(D51,"ru","en")","=GOOGLETRANSLATE(E51,"ru","en")","=GOOGLETRANSLATE(F51,"ru","en")","=GOOGLETRANSLATE(G51,"ru","en")","=GOOGLETRANSLATE(H51,"ru","en")","=GOOGLETRANSLATE(I51,"ru","en")","=GOOGLETRANSLATE(J51,"ru","en")"
55,"Интервалы на велосипеде","","","Не требуется","100-200 ккал","Баланс","Средний","10-15 мин","=GOOGLETRANSLATE(D52,"ru","en")","=GOOGLETRANSLATE(E52,"ru","en")","=GOOGLETRANSLATE(F52,"ru","en")","=GOOGLETRANSLATE(G52,"ru","en")","=GOOGLETRANSLATE(H52,"ru","en")","=GOOGLETRANSLATE(I52,"ru","en")","=GOOGLETRANSLATE(J52,"ru","en")"
56,"Бег по холмам","","","Не требуется","100-200 ккал","Баланс","Продвинутый","10-15 мин","=GOOGLETRANSLATE(D53,"ru","en")","=GOOGLETRANSLATE(E53,"ru","en")","=GOOGLETRANSLATE(F53,"ru","en")","=GOOGLETRANSLATE(G53,"ru","en")","=GOOGLETRANSLATE(H53,"ru","en")","=GOOGLETRANSLATE(I53,"ru","en")","=GOOGLETRANSLATE(J53,"ru","en")"
57,"Плиометрические круги","","","Не требуется","100-200 ккал","Баланс","Продвинутый","10-15 мин","=GOOGLETRANSLATE(D54,"ru","en")","=GOOGLETRANSLATE(E54,"ru","en")","=GOOGLETRANSLATE(F54,"ru","en")","=GOOGLETRANSLATE(G54,"ru","en")","=GOOGLETRANSLATE(H54,"ru","en")","=GOOGLETRANSLATE(I54,"ru","en")","=GOOGLETRANSLATE(J54,"ru","en")"
58,"Легкая растяжка","","","Не требуется","100-200 ккал","Баланс","Продвинутый","10-15 мин","=GOOGLETRANSLATE(D55,"ru","en")","=GOOGLETRANSLATE(E55,"ru","en")","=GOOGLETRANSLATE(F55,"ru","en")","=GOOGLETRANSLATE(G55,"ru","en")","=GOOGLETRANSLATE(H55,"ru","en")","=GOOGLETRANSLATE(I55,"ru","en")","=GOOGLETRANSLATE(J55,"ru","en")"
59,"Фоам-роллинг","","","Не требуется","100-200 ккал","Баланс","Продвинутый","10-15 мин","=GOOGLETRANSLATE(D56,"ru","en")","=GOOGLETRANSLATE(E56,"ru","en")","=GOOGLETRANSLATE(F56,"ru","en")","=GOOGLETRANSLATE(G56,"ru","en")","=GOOGLETRANSLATE(H56,"ru","en")","=GOOGLETRANSLATE(I56,"ru","en")","=GOOGLETRANSLATE(J56,"ru","en")"
6,"Броски мяча в стену","Встаньте в 1-2 метрах от стены | Держите мяч двумя руками на уровне груди | Присядьте, сгибая колени | Взрывно выпрямите ноги и руки, бросая мяч | Поймайте отскочивший мяч | Сразу же выполняйте следующий бросок","Используйте мяч весом 2-4 кг | Бросайте с максимальной силой | Держите спину прямой | Работайте всем телом, а не только руками","Медицинский мяч 2-4 кг, стена","120-180 ккал за тренировку","Разминка","Начинающий","10-15 мин","=GOOGLETRANSLATE(D57,"ru","en")","=GOOGLETRANSLATE(E57,"ru","en")","=GOOGLETRANSLATE(F57,"ru","en")","=GOOGLETRANSLATE(G57,"ru","en")","=GOOGLETRANSLATE(H57,"ru","en")","=GOOGLETRANSLATE(I57,"ru","en")","=GOOGLETRANSLATE(J57,"ru","en")"
60,"Легкий бег","","","Не требуется","100-200 ккал","Баланс","Продвинутый","10-15 мин","=GOOGLETRANSLATE(D58,"ru","en")","=GOOGLETRANSLATE(E58,"ru","en")","=GOOGLETRANSLATE(F58,"ru","en")","=GOOGLETRANSLATE(G58,"ru","en")","=GOOGLETRANSLATE(H58,"ru","en")","=GOOGLETRANSLATE(I58,"ru","en")","=GOOGLETRANSLATE(J58,"ru","en")"
61,"Плавание","","","Не требуется","100-200 ккал","Восстановление","Продвинутый","10-15 мин","=GOOGLETRANSLATE(D59,"ru","en")","=GOOGLETRANSLATE(E59,"ru","en")","=GOOGLETRANSLATE(F59,"ru","en")","=GOOGLETRANSLATE(G59,"ru","en")","=GOOGLETRANSLATE(H59,"ru","en")","=GOOGLETRANSLATE(I59,"ru","en")","=GOOGLETRANSLATE(J59,"ru","en")"
62,"Велосипед восстановления","","","Не требуется","100-200 ккал","Восстановление","Продвинутый","10-15 мин","=GOOGLETRANSLATE(D60,"ru","en")","=GOOGLETRANSLATE(E60,"ru","en")","=GOOGLETRANSLATE(F60,"ru","en")","=GOOGLETRANSLATE(G60,"ru","en")","=GOOGLETRANSLATE(H60,"ru","en")","=GOOGLETRANSLATE(I60,"ru","en")","=GOOGLETRANSLATE(J60,"ru","en")"
63,"Йога восстановления","","","Не требуется","100-200 ккал","Восстановление","Продвинутый","10-15 мин","=GOOGLETRANSLATE(D61,"ru","en")","=GOOGLETRANSLATE(E61,"ru","en")","=GOOGLETRANSLATE(F61,"ru","en")","=GOOGLETRANSLATE(G61,"ru","en")","=GOOGLETRANSLATE(H61,"ru","en")","=GOOGLETRANSLATE(I61,"ru","en")","=GOOGLETRANSLATE(J61,"ru","en")"
64,"Растяжка с резинкой","Выберите подходящую резинку | Выполняйте медленные движения | Удерживайте растяжку 20-30 секунд | Повторите каждое упражнение 3-5 раз","Начинайте с легкой резинки | Не допускайте боли | Дышите равномерно | Постепенно увеличивайте сопротивление","Резиновая лента","35-55 ккал","Восстановление","Продвинутый","10-15 мин","=GOOGLETRANSLATE(D62,"ru","en")","=GOOGLETRANSLATE(E62,"ru","en")","=GOOGLETRANSLATE(F62,"ru","en")","=GOOGLETRANSLATE(G62,"ru","en")","=GOOGLETRANSLATE(H62,"ru","en")","=GOOGLETRANSLATE(I62,"ru","en")","=GOOGLETRANSLATE(J62,"ru","en")"
65,"Контрастный душ","","","Не требуется","100-200 ккал","Восстановление","Продвинутый","10-15 мин","=GOOGLETRANSLATE(D63,"ru","en")","=GOOGLETRANSLATE(E63,"ru","en")","=GOOGLETRANSLATE(F63,"ru","en")","=GOOGLETRANSLATE(G63,"ru","en")","=GOOGLETRANSLATE(H63,"ru","en")","=GOOGLETRANSLATE(I63,"ru","en")","=GOOGLETRANSLATE(J63,"ru","en")"
7,"Динамическая растяжка ног","Встаньте прямо, держась за опору | Выполните 10-15 махов вперед правой ногой | Выполните 10-15 махов назад правой ногой | Выполните 10-15 махов в сторону правой ногой | Повторите для левой ноги | Выполните круговые движения в тазобедренных суставах","Держите спину прямо | Не раскачивайтесь слишком сильно | Выполняйте движения плавно | Дышите глубоко и ритмично","Стена или стул для опоры","50-80 ккал за разминку","Разминка","Начинающий","10-15 мин","=GOOGLETRANSLATE(D64,"ru","en")","=GOOGLETRANSLATE(E64,"ru","en")","=GOOGLETRANSLATE(F64,"ru","en")","=GOOGLETRANSLATE(G64,"ru","en")","=GOOGLETRANSLATE(H64,"ru","en")","=GOOGLETRANSLATE(I64,"ru","en")","=GOOGLETRANSLATE(J64,"ru","en")"
8,"Разминка верхней части тела","Встаньте прямо, ноги на ширине плеч | Выполните 10 круговых движений руками вперед | Выполните 10 круговых движений руками назад | Выполните 10 наклонов туловища в стороны | Выполните 10 поворотов туловища | Выполните круговые движения плечами","Двигайтесь медленно и плавно | Не делайте резких движений | Следите за дыханием | Постепенно увеличивайте амплитуду движений","Не требуется","40-60 ккал за разминку","Разминка","Начинающий","10-15 мин","=GOOGLETRANSLATE(D65,"ru","en")","=GOOGLETRANSLATE(E65,"ru","en")","=GOOGLETRANSLATE(F65,"ru","en")","=GOOGLETRANSLATE(G65,"ru","en")","=GOOGLETRANSLATE(H65,"ru","en")","=GOOGLETRANSLATE(I65,"ru","en")","=GOOGLETRANSLATE(J65,"ru","en")"
9,"Легкий бег на месте","Встаньте прямо, ноги на ширине плеч | Начните с легкого бега на месте | Постепенно поднимайте колени выше | Работайте руками, как при обычном беге | Увеличивайте темп в течение 2-3 минут | Замедляйтесь в последние 2 минуты","Держите спину прямо | Приземляйтесь на носки | Дышите глубоко | Не делайте слишком высокие прыжки","Не требуется","60-80 ккал за разминку","Растяжка","Начинающий","10-15 мин","=GOOGLETRANSLATE(D66,"ru","en")","=GOOGLETRANSLATE(E66,"ru","en")","=GOOGLETRANSLATE(F66,"ru","en")","=GOOGLETRANSLATE(G66,"ru","en")","=GOOGLETRANSLATE(H66,"ru","en")","=GOOGLETRANSLATE(I66,"ru","en")","=GOOGLETRANSLATE(J66,"ru","en")"